x,y,phi,theta1,theta2,theta3
-33.7625687823638,41.74848608166219,1.7742385936942289,2.8217059680375005,-0.49897559638728595,-0.5484917779559857
-8.03649793043849,10.021125007643786,-0.41159713163187917,2.8217059680375005,-0.49897559638728595,-2.7343275032820937
-16.62212551933503,38.53377048718079,0.9965586871437286,2.8217059680375005,-0.49897559638728595,-1.326171684506486
-49.71385481189833,8.989919219249813,3.602664872392089,2.8217059680375005,-0.49897559638728595,1.2799345007418745
-19.208708320195655,-1.5341898647368453,5.157695739393219,2.8217059680375005,-0.49897559638728595,2.8349653677430044
-48.70273683846417,31.27870232268316,2.589853733062997,2.8217059680375005,-0.49897559638728595,0.2671233614127826
-6.173665791492226,17.589626105007458,-0.07106812514507732,2.8217059680375005,-0.49897559638728595,-2.393798496795292
-10.081608744377565,32.13431977505909,0.5960399316694784,2.8217059680375005,-0.49897559638728595,-1.7266904399807361
-14.639714869783424,37.09594063030927,0.8900326779261671,2.8217059680375005,-0.49897559638728595,-1.4326976937240474
-17.704204648337374,39.192291252045635,1.0516398366642432,2.8217059680375005,-0.49897559638728595,-1.2710905349859714
-10.855324532323081,5.238466545369102,-0.6535582753875349,2.8217059680375005,-0.49897559638728595,-2.9762886470377494
-48.60370109302448,7.007490723341817,3.701492287100212,2.8217059680375005,-0.49897559638728595,1.3787619154499975
-20.492891608734016,40.54531188847558,1.1865066798265143,2.8217059680375005,-0.49897559638728595,-1.1362236918237003
-52.06034244768905,17.629351017902582,3.2109293435617117,2.8217059680375005,-0.49897559638728595,0.8881989719114971
-16.16926471770784,38.23313590785516,0.9729248303790743,2.8217059680375005,-0.49897559638728595,-1.3498055412711403
-23.159926817878237,-2.992714758053566,4.974316320469943,2.8217059680375005,-0.49897559638728595,2.6515859488197284
-50.52831094127417,27.61901464547838,2.767903937591,2.8217059680375005,-0.49897559638728595,0.4451735659407854
-6.125797756974318,19.907398353123433,0.02976878645554848,2.8217059680375005,-0.49897559638728595,-2.292961585194666
-45.79928260329726,35.05490451203538,2.382378511679061,2.8217059680375005,-0.49897559638728595,0.05964814002884644
-19.599406940376817,40.161822333234895,1.1442293544344073,2.8217059680375005,-0.49897559638728595,-1.1785010172158072
14.159405756622931,-21.447583238937973,5.311621569876598,2.8217059680375005,3.0384073797950837,-0.5484917779559857
-21.809926495559303,-2.0913620289098693,3.1257858445504905,2.8217059680375005,3.0384073797950837,-2.7343275032820937
-2.8953402717493457,-25.089674604380317,4.5339416633260985,2.8217059680375005,3.0384073797950837,-1.326171684506486
16.2478751426753,14.928308839452193,7.140047848574459,2.8217059680375005,3.0384073797950837,1.2799345007418745
-15.956423227092856,12.877942773882797,8.695078715575589,2.8217059680375005,3.0384073797950837,2.8349653677430044
23.90808698676764,-6.027200371533953,6.127236709245366,2.8217059680375005,3.0384073797950837,0.2671233614127826
-20.61080584744431,-9.792950313799583,3.4663148510372923,2.8217059680375005,3.0384073797950837,-2.393798496795292
-11.397452223951957,-21.706566351221916,4.133422907851848,2.8217059680375005,3.0384073797950837,-1.7266904399807361
-5.278832399914833,-24.527293989725134,4.427415654108537,2.8217059680375005,3.0384073797950837,-1.4326976937240474
-1.6430298784115895,-25.28010442851217,4.589022812846613,2.8217059680375005,3.0384073797950837,-1.2710905349859714
-21.05291165539101,3.408322862974832,2.8838247007948348,2.8217059680375005,3.0384073797950837,-2.9762886470377494
14.45924442421901,16.329474130883582,7.238875263282582,2.8217059680375005,3.0384073797950837,1.3787619154499975
1.4517099376752187,-25.4533824606414,4.723889656008884,2.8217059680375005,3.0384073797950837,-1.1362236918237003
21.743786099874995,7.861431963559723,6.748312319744081,2.8217059680375005,3.0384073797950837,0.8881989719114971
-3.429097294279252,-24.986876273475932,4.510307806561444,2.8217059680375005,3.0384073797950837,-1.3498055412711403
-12.872981012439247,15.747055282960375,8.511699296652314,2.8217059680375005,3.0384073797950837,2.6515859488197284
24.181582926335054,-1.9466079304078752,6.30528691377337,2.8217059680375005,3.0384073797950837,0.4451735659407854
-19.76138511133122,-11.949995504778734,3.567151762637918,2.8217059680375005,3.0384073797950837,-2.292961585194666
22.684960224266433,-10.63086308652844,5.919761487861431,2.8217059680375005,3.0384073797950837,0.05964814002884644
0.47944902759398356,-25.444011532400108,4.681612330616777,2.8217059680375005,3.0384073797950837,-1.1785010172158072
-5.885946181895039,-33.77833301415384,4.721198185443274,2.8217059680375005,2.447983995361759,-0.5484917779559857
-24.989996402606238,2.3255646613598735,2.535362460117166,2.8217059680375005,2.447983995361759,-2.7343275032820937
-22.081008645218198,-27.309241623891094,3.943518278892774,2.8217059680375005,2.447983995361759,-1.326171684506486
16.099879901916495,-4.72337336373343,6.549624464141134,2.8217059680375005,2.447983995361759,1.2799345007418745
-11.793858379885032,11.501921676981592,8.104655331142265,2.8217059680375005,2.447983995361759,2.8349653677430044
10.79705676790172,-26.395758525442204,5.536813324812043,2.8217059680375005,2.447983995361759,0.2671233614127826
-28.28145345208202,-4.739749410225509,2.8758914666039677,2.8217059680375005,2.447983995361759,-2.393798496795292
-27.26033637792184,-19.765642129112624,3.5429995234185236,2.8217059680375005,2.447983995361759,-1.7266904399807361
-23.747903117186382,-25.515148677556184,3.8369922696752123,2.8217059680375005,2.447983995361759,-1.4326976937240474
-21.146722794120876,-28.164609841455906,3.9985994284132884,2.8217059680375005,2.447983995361759,-1.2710905349859714
-21.299395484519685,6.472740838191356,2.29340131636151,2.8217059680375005,2.447983995361759,-2.9762886470377494
15.39410195661826,-2.5636646998511736,6.648451878849257,2.8217059680375005,2.447983995361759,1.3787619154499975
-18.672372895396798,-30.03143398539009,4.133466271575559,2.8217059680375005,2.447983995361759,-1.1362236918237003
16.731140214388162,-13.653507542254463,6.157888935310757,2.8217059680375005,2.447983995361759,0.8881989719114971
-22.467174154709134,-26.926697175210506,3.9198844221281193,2.8217059680375005,2.447983995361759,-1.3498055412711403
-7.63515575851021,12.168716238914964,7.921275912218988,2.8217059680375005,2.447983995361759,2.6515859488197284
13.295969189585035,-23.158248462401193,5.714863529340045,2.8217059680375005,2.447983995361759,0.4451735659407854
-28.776689982675357,-7.004501123246402,2.9767283782045935,2.8217059680375005,2.447983995361759,-2.292961585194666
7.218081319435097,-29.539114090733925,5.329338103428106,2.8217059680375005,2.447983995361759,0.05964814002884644
-19.47481802783777,-29.482379433464835,4.091188946183452,2.8217059680375005,2.447983995361759,-1.1785010172158072
-45.526053994529626,-22.441133265235717,3.651529138105228,2.8217059680375005,1.3783149480237133,-0.5484917779559857
-23.039298346006174,11.65874917742115,1.4656934127791201,2.8217059680375005,1.3783149480237133,-2.7343275032820937
-47.63273507553306,-5.12954505301636,2.873849231554728,2.8217059680375005,1.3783149480237133,-1.326171684506486
-9.48133695406438,-27.7651920879724,5.479955416803088,2.8217059680375005,1.3783149480237133,1.2799345007418745
-8.651635651271498,4.49364282961311,7.034986283804218,2.8217059680375005,1.3783149480237133,2.8349653677430044
-31.036472600316852,-33.52612422259723,4.467144277473997,2.8217059680375005,1.3783149480237133,0.2671233614127826
-30.81713614667803,11.151214365682925,1.806222419265922,2.8217059680375005,1.3783149480237133,-2.393798496795292
-43.504909041377246,3.036995299674027,2.473330476080478,2.8217059680375005,1.3783149480237133,-1.7266904399807361
-46.86004130155078,-2.8057010366469726,2.7673232223371667,2.8217059680375005,1.3783149480237133,-1.4326976937240474
-47.934084065972485,-6.35988387835749,2.9289303810752427,2.8217059680375005,1.3783149480237133,-1.2710905349859714
-17.6290342426765,10.414302428668012,1.2237322690234644,2.8217059680375005,1.3783149480237133,-2.9762886470377494
-7.926248671984755,-26.10864010996021,5.578782831511211,2.8217059680375005,1.3783149480237133,1.3787619154499975
-48.38265281591839,-9.426840983089068,3.0637972242375136,2.8217059680375005,1.3783149480237133,-1.1362236918237003
-17.010169129185687,-32.6089996922595,5.088219887972711,2.8217059680375005,1.3783149480237133,0.8881989719114971
-47.48274721210309,-4.607081947371146,2.8502153747900736,2.8217059680375005,1.3783149480237133,-1.3498055412711403
-6.068928008816059,1.1666255897335471,6.851606864880942,2.8217059680375005,1.3783149480237133,2.6515859488197284
-26.99652793306558,-34.16242744047609,4.645194482001999,2.8217059680375005,1.3783149480237133,0.4451735659407854
-33.04133633464363,10.497537789141461,1.9070593308665478,2.8217059680375005,1.3783149480237133,-2.292961585194666
-35.512717814902345,-31.89732765780536,4.25966905609006,2.8217059680375005,1.3783149480237133,0.05964814002884644
-48.28661544512704,-8.459289478010625,3.0215198988454066,2.8217059680375005,1.3783149480237133,-1.1785010172158072
-16.779986777106163,-35.09405280891931,4.449046999078744,2.8217059680375005,2.17583280899723,-0.5484917779559857
-25.476035502577737,4.816282929628965,2.2632112737526366,2.8217059680375005,2.17583280899723,-2.7343275032820937
-30.640069900779444,-24.509758434168727,3.6713670925282447,2.8217059680375005,2.17583280899723,-1.326171684506486
12.206739662168454,-13.018344004674217,6.277473277776605,2.8217059680375005,2.17583280899723,1.2799345007418745
-10.298940850296548,10.107727411862214,7.832504144777735,2.8217059680375005,2.17583280899723,2.8349653677430044
1.2734622708697518,-32.467653948037615,5.2646621384475125,2.8217059680375005,2.17583280899723,0.2671233614127826
-30.54553524249762,-1.104234347234474,2.6037402802394385,2.8217059680375005,2.17583280899723,-2.393798496795292
-33.60102160627351,-15.851577672709265,3.2708483370539945,2.8217059680375005,2.17583280899723,-1.7266904399807361
-31.763354634353462,-22.33362928173169,3.564841083310683,2.8217059680375005,2.17583280899723,-1.4326976937240474
-29.97009701174653,-25.584784558103188,3.7264482420487592,2.8217059680375005,2.17583280899723,-1.2710905349859714
-20.806489772150826,7.8187732376419135,2.021250129996981,2.8217059680375005,2.17583280899723,-2.9762886470377494
12.107476436527945,-10.748407698749993,6.376300692484728,2.8217059680375005,2.17583280899723,1.3787619154499975
-28.088625788903997,-28.048015331560464,3.86131508521103,2.8217059680375005,2.17583280899723,-1.1362236918237003
10.414309960146761,-21.789488843964115,5.8857377489462275,2.8217059680375005,2.17583280899723,0.8881989719114971
-30.909193037227986,-24.037490720509588,3.64773323576359,2.8217059680375005,2.17583280899723,-1.3498055412711403
-6.114062695813456,9.632104333170968,7.649124725854459,2.8217059680375005,2.17583280899723,2.6515859488197284
4.550657793042337,-30.021018664840078,5.442712342975516,2.8217059680375005,2.17583280899723,0.4451735659407854
-31.63131900720687,-3.152510002306075,2.7045771918400643,2.8217059680375005,2.17583280899723,-2.292961585194666
-3.018735314322405,-34.53327476518865,5.057186917063577,2.8217059680375005,2.17583280899723,0.05964814002884644
-28.713948732674694,-27.303468282971842,3.819037759818923,2.8217059680375005,2.17583280899723,-1.1785010172158072
21.19722658594717,-10.207483285491474,-0.642183573075632,2.8217059680375005,-2.915397763157147,-0.5484917779559857
-19.099399843943065,-3.5263111900211683,-2.82801929840174,2.8217059680375005,-2.915397763157147,-2.7343275032820937
6.237350679836228,-19.170256543823488,-1.4198634796261322,2.8217059680375005,-2.915397763157147,-1.326171684506486
11.407404679985547,24.888479672158226,1.1862427056222282,2.8217059680375005,-2.915397763157147,1.2799345007418745
-18.40248332754637,12.531643043380807,2.741273572623358,2.8217059680375005,-2.915397763157147,2.8349653677430044
25.434023875740905,7.537221339536796,0.17343156629313627,2.8217059680375005,-2.915397763157147,0.2671233614127826
-15.473610935249255,-10.426021852670667,-2.487490291914938,2.8217059680375005,-2.915397763157147,-2.393798496795292
-2.902001979179702,-18.719078004314518,-1.8203822351003824,2.8217059680375005,-2.915397763157147,-1.7266904399807361
3.800082194042048,-19.409064016322418,-1.5263894888436937,2.8217059680375005,-2.915397763157147,-1.4326976937240474
7.483936421196945,-18.94538140376393,-1.3647823301056177,2.8217059680375005,-2.915397763157147,-1.2710905349859714
-20.161989079342018,1.9225886526144198,-3.0699804421573957,2.8217059680375005,-2.915397763157147,-2.9762886470377494
9.261709229204572,25.635778175713067,1.2850701203303512,2.8217059680375005,-2.915397763157147,1.3787619154499975
10.468360275011463,-18.10833058901344,-1.2299154869433466,2.8217059680375005,-2.915397763157147,-1.1362236918237003
18.89369982795978,19.97918532511518,0.7945071767918508,2.8217059680375005,-2.915397763157147,0.8881989719114971
5.699036029369575,-19.245631559774985,-1.4434973363907866,2.8217059680375005,-2.915397763157147,-1.3498055412711403
-16.41283097535291,16.24388037392213,2.557894153700082,2.8217059680375005,-2.915397763157147,2.6515859488197284
24.37292304206297,11.486917494977494,0.3514817708211391,2.8217059680375005,-2.915397763157147,0.4451735659407854
-13.972142046463542,-12.192360075909294,-2.3866533803143124,2.8217059680375005,-2.915397763157147,-2.292961585194666
25.765733695583258,2.785409257183648,-0.034043655090799874,2.8217059680375005,-2.915397763157147,0.05964814002884644
9.545334091496644,-18.41394759788916,-1.2721928123354536,2.8217059680375005,-2.915397763157147,-1.1785010172158072
8.10278178131212,-27.030084512767118,5.10761018686242,2.8217059680375005,2.8343959967809047,-0.5484917779559857
-23.19905582840554,-0.7879214072934237,2.9217744615363115,2.8217059680375005,2.8343959967809047,-2.7343275032820937
-9.336163356355291,-27.141368347785974,4.3299302803119195,2.8217059680375005,2.8343959967809047,-1.326171684506486
17.517664586529328,8.16831332916868,6.93603646556028,2.8217059680375005,2.8343959967809047,1.2799345007418745
-14.434175595772148,12.685031546697424,8.49106733256141,2.8217059680375005,2.8343959967809047,2.8349653677430044
20.773448854476605,-13.904567782926403,5.923225326231188,2.8217059680375005,2.8343959967809047,0.2671233614127826
-23.585138032877147,-8.572733092239732,3.2623034680231133,2.8217059680375005,2.8343959967809047,-2.393798496795292
-16.976541599248407,-22.10589921314713,3.9294115248376693,2.8217059680375005,2.8343959967809047,-1.7266904399807361
-11.556288211890386,-26.107757054019277,4.223404271094358,2.8217059680375005,2.8343959967809047,-1.4326976937240474
-8.148404600942758,-27.581566005800557,4.385011429832434,2.8217059680375005,2.8343959967809047,-1.2710905349859714
-21.343508693897768,4.444339118509919,2.679813317780656,2.8217059680375005,2.8343959967809047,-2.9762886470377494
16.05000181737263,9.902795965849933,7.034863880268403,2.8217059680375005,2.8343959967809047,1.3787619154499975
-5.152950235339894,-28.378242194275025,4.5198782729947045,2.8217059680375005,2.8343959967809047,-1.1362236918237003
21.46785679356794,0.13452421344359866,6.544300936729902,2.8217059680375005,2.8343959967809047,0.8881989719114971
-9.838024341636757,-26.93256315774258,4.3062964235472645,2.8217059680375005,2.8343959967809047,-1.3498055412711403
-10.833398819023481,14.869940946393719,8.307687913638134,2.8217059680375005,2.8343959967809047,2.6515859488197284
21.867997505173413,-9.964009706867536,6.101275530759191,2.8217059680375005,2.8343959967809047,0.4451735659407854
-23.190348301087063,-10.857136867962907,3.363140379623739,2.8217059680375005,2.8343959967809047,-2.292961585194666
18.642989466696463,-18.164954181787046,5.715750104847252,2.8217059680375005,2.8343959967809047,0.05964814002884644
-6.103149619383375,-28.172086374246955,4.477600947602598,2.8217059680375005,2.8343959967809047,-1.1785010172158072
16.94471657151488,-17.921220647734458,-0.860400365108204,2.8217059680375005,-3.1336145551897188,-0.5484917779559857
-20.94987663697387,-2.674713908071839,-3.046236090434312,2.8217059680375005,-3.1336145551897188,-2.7343275032820937
0.39927117091265085,-23.432792846499584,-1.6380802716587042,2.8217059680375005,-3.1336145551897188,-1.326171684506486
14.984951480429649,18.461832408089894,0.9680259135896563,2.8217059680375005,-3.1336145551897188,1.2799345007418745
-16.793116223729466,12.851551890881336,2.523056780590786,2.8217059680375005,-3.1336145551897188,2.8349653677430044
24.922572637693523,-1.5145510864968748,-0.04478522573943566,2.8217059680375005,-3.1336145551897188,0.2671233614127826
-18.903784943502007,-10.19574184450391,-2.70570708394751,2.8217059680375005,-3.1336145551897188,-2.393798496795292
-8.425666950333273,-21.013744220168277,-2.038599027132954,2.8217059680375005,-3.1336145551897188,-1.7266904399807361
-2.031896808265627,-23.138295074377293,-1.7446062808762657,2.8217059680375005,-3.1336145551897188,-1.4326976937240474
1.6649771943745433,-23.48312277152373,-1.5829991221381896,2.8217059680375005,-3.1336145551897188,-1.2710905349859714
-20.807639473243693,2.875004460234238,-3.2881972341899677,2.8217059680375005,-3.1336145551897188,-2.9762886470377494
13.051923040148361,19.655928329689647,1.0668533282977792,2.8217059680375005,-3.1336145551897188,1.3787619154499975
4.759837909564434,-23.31201765977694,-1.4481322789759186,2.8217059680375005,-3.1336145551897188,-1.1362236918237003
21.230901021726062,12.048260832433277,0.5762903847592789,2.8217059680375005,-3.1336145551897188,0.8881989719114971
-0.14259523807634933,-23.38984112073577,-1.6617141284233585,2.8217059680375005,-3.1336145551897188,-1.3498055412711403
-14.046989655791828,16.04501573970139,2.33967736166751,2.8217059680375005,-3.1336145551897188,2.6515859488197284
24.74170172537434,2.5711949179204194,0.13326497878856713,2.8217059680375005,-3.1336145551897188,0.4451735659407854
-17.82031620188306,-12.245243010348869,-2.6048701723468843,2.8217059680375005,-3.1336145551897188,-2.292961585194666
24.217700696126773,-6.225485708901342,-0.2522604471233718,2.8217059680375005,-3.1336145551897188,0.05964814002884644
3.792538513636824,-23.410561914841136,-1.4904096043680255,2.8217059680375005,-3.1336145551897188,-1.1785010172158072
-56.5568855368239,6.786838808722304,2.858497032697706,2.8217059680375005,0.5852828426161913,-0.5484917779559857
-16.482568735789716,14.692867845461844,0.6726613073715981,2.8217059680375005,0.5852828426161913,-2.7343275032820937
-45.70088684254293,20.435153135271204,2.080817126147206,2.8217059680375005,0.5852828426161913,-1.326171684506486
-35.058039741936035,-22.63027964912122,4.686923311395566,2.8217059680375005,0.5852828426161913,1.2799345007418745
-11.491939958025807,-0.5857842938930398,6.241954178396696,2.8217059680375005,0.5852828426161913,2.8349653677430044
-54.28759721152693,-11.314965631746443,3.6741121720664744,2.8217059680375005,0.5852828426161913,0.2671233614127826
-22.3017963804526,19.87832270094728,1.0131903138584,2.8217059680375005,0.5852828426161913,-2.393798496795292
-36.98590949533128,23.224507708996615,1.6802983706729557,2.8217059680375005,0.5852828426161913,-1.7266904399807361
-43.50299472716514,21.515235044168367,1.9742911169296444,2.8217059680375005,0.5852828426161913,-1.4326976937240474
-46.78893677463484,19.78654525337688,2.1358982756677207,2.8217059680375005,0.5852828426161913,-1.2710905349859714
-13.572898728712556,9.96492687415357,0.43070016361594243,2.8217059680375005,0.5852828426161913,-2.9762886470377494
-32.78658561084253,-22.57587237703615,4.785750726103689,2.8217059680375005,0.5852828426161913,1.3787619154499975
-49.288850467077886,17.954095708088573,2.2707651188299915,2.8217059680375005,0.5852828426161913,-1.1362236918237003
-43.792068651296,-20.664948878244292,4.295187782565189,2.8217059680375005,0.5852828426161913,0.8881989719114971
-45.22339545108561,20.694895367149037,2.0571832693825516,2.8217059680375005,0.5852828426161913,-1.3498055412711403
-12.05013144289017,-4.760451316192959,6.05857475947342,2.8217059680375005,0.5852828426161913,2.6515859488197284
-51.90617158820984,-14.639848592114198,3.8521623765944772,2.8217059680375005,0.5852828426161913,0.4451735659407854
-24.328225637195388,21.004352900489934,1.1140272254590258,2.8217059680375005,0.5852828426161913,-2.292961585194666
-56.26803402247927,-6.982804564980556,3.4666369506825383,2.8217059680375005,0.5852828426161913,0.05964814002884644
-48.532097076490736,18.564590095780165,2.2284877934378846,2.8217059680375005,0.5852828426161913,-1.1785010172158072
10.808184666811771,-24.815742823422326,5.194077345551788,2.8217059680375005,2.920863155470273,-0.5484917779559857
-22.64296949082656,-1.3748288540111568,3.0082416202256796,2.8217059680375005,2.920863155470273,-2.7343275032820937
-6.555998924258994,-26.432628664197455,4.416397439001288,2.8217059680375005,2.920863155470273,-1.326171684506486
17.148179509463574,11.064219471294681,7.022503624249648,2.8217059680375005,2.920863155470273,1.2799345007418745
-15.074351309995585,12.804719997262438,8.577534491250777,2.8217059680375005,2.920863155470273,2.8349653677430044
22.298002241699393,-10.645030575969596,6.009692484920556,2.8217059680375005,2.920863155470273,0.2671233614127826
-22.355317232807927,-9.163898671206468,3.3487706267124815,2.8217059680375005,2.920863155470273,-2.393798496795292
-14.60269340697339,-22.07579070505453,4.0158786835270375,2.8217059680375005,2.920863155470273,-1.7266904399807361
-8.857091596143324,-25.59460766436092,4.309871429783726,2.8217059680375005,2.920863155470273,-1.4326976937240474
-5.334662354739305,-26.76860756700912,4.471478588521802,2.8217059680375005,2.920863155470273,-1.2710905349859714
-21.24620975442612,3.9981282104953566,2.766280476470024,2.8217059680375005,2.920863155470273,-2.9762886470377494
15.536210892979009,12.665475603331746,7.121331038957771,2.8217059680375005,2.920863155470273,1.3787619154499975
-2.2815983559030917,-27.30362160860214,4.606345431684073,2.8217059680375005,2.920863155470273,-1.1362236918237003
21.777407602294232,3.401580676921114,6.6307680954192705,2.8217059680375005,2.920863155470273,0.8881989719114971
-7.074017280799725,-26.26794400120912,4.392763582236633,2.8217059680375005,2.920863155470273,-1.3498055412711403
-11.67571445753262,15.292427782741676,8.394155072327502,2.8217059680375005,2.920863155470273,2.6515859488197284
23.048157267882853,-6.624669629956582,6.187742689448559,2.8217059680375005,2.920863155470273,0.4451735659407854
-21.764722558414253,-11.405674189282044,3.4496075383131073,2.8217059680375005,2.920863155470273,-2.292961585194666
20.54342679449817,-15.07348566444638,5.80221726353662,2.8217059680375005,2.920863155470273,0.05964814002884644
-3.246051340433003,-27.18029467642833,4.564068106291966,2.8217059680375005,2.920863155470273,-1.1785010172158072
23.76195591227668,11.965424211441476,-0.08304896550863505,2.8217059680375005,-2.35626315559015,-0.5484917779559857
-13.942124120434972,-3.746307427251125,-2.268884690834743,2.8217059680375005,-2.35626315559015,-2.7343275032820937
15.834580603859123,-3.567956371226348,-0.8607288720591353,2.8217059680375005,-2.35626315559015,-1.326171684506486
-3.1537693584114224,36.52374178467943,1.7453773131892252,2.8217059680375005,-2.35626315559015,1.2799345007418745
-21.869324539381278,10.235934178110886,3.300408180190355,2.8217059680375005,-2.35626315559015,2.8349653677430044
17.94082222322827,29.25528818078863,0.7325661738601332,2.8217059680375005,-2.35626315559015,0.2671233614127826
-7.208519589853154,-7.671982205478972,-1.9283556843479412,2.8217059680375005,-2.35626315559015,-2.393798496795292
7.847690117792899,-8.033480916446074,-1.2612476275333855,2.8217059680375005,-2.35626315559015,-1.7266904399807361
13.895148911438158,-5.063252793745953,-0.9672548812766968,2.8217059680375005,-2.35626315559015,-1.4326976937240474
16.772043739488915,-2.7160715735478043,-0.8056477225386207,2.8217059680375005,-2.35626315559015,-1.2710905349859714
-17.733280528794435,0.30915043415180676,-2.510845834590399,2.8217059680375005,-2.35626315559015,-2.9762886470377494
-5.369113034761365,36.01904740530336,1.8442047278973481,2.8217059680375005,-2.35626315559015,1.3787619154499975
18.857967108651586,-0.4233955162574148,-0.6707808793763497,2.8217059680375005,-2.35626315559015,-1.1362236918237003
5.79662031469164,36.33318804396195,1.3536417843588477,2.8217059680375005,-2.35626315559015,0.8881989719114971
15.418226368401962,-3.917403372291755,-0.8843627288237896,2.8217059680375005,-2.35626315559015,-1.3498055412711403
-22.15183408645307,14.438268153018978,3.117028761267079,2.8217059680375005,-2.35626315559015,2.6515859488197284
14.946184334627329,32.040638897608815,0.910616378388136,2.8217059680375005,-2.35626315559015,0.4451735659407854
-4.998743633965945,-8.372874328168308,-1.8275187727473154,2.8217059680375005,-2.35626315559015,-2.292961585194666
20.742629421213806,25.403064680536644,0.5250909524761971,2.8217059680375005,-2.35626315559015,0.05964814002884644
18.237619844432675,-1.1720932946327665,-0.7130582047684566,2.8217059680375005,-2.35626315559015,-1.1785010172158072
-12.685593511444203,45.643174812482314,1.2378829129456035,2.8217059680375005,-1.0353312771359113,-0.5484917779559857
-6.784961418902947,5.224878174599475,-0.9479528123805046,2.8217059680375005,-1.0353312771359113,-2.7343275032820937
0.4051898190570782,34.120996919376346,0.46020300639510325,2.8217059680375005,-1.0353312771359113,-1.326171684506486
-43.136797721941456,25.63589136355402,3.0663091916434637,2.8217059680375005,-1.0353312771359113,1.2799345007418745
-22.29317738920102,1.0012749485079055,4.621340058644593,2.8217059680375005,-1.0353312771359113,2.8349653677430044
-30.87794413485978,44.27812085786591,2.0534980523143718,2.8217059680375005,-1.0353312771359113,0.2671233614127826
-1.3161587165529482,10.77866512059007,-0.6074238058937027,2.8217059680375005,-1.0353312771359113,-2.393798496795292
2.7571024060161093,25.27792978835904,0.059684250920853055,2.8217059680375005,-1.0353312771359113,-1.7266904399807361
1.3744828754222134,31.872046574960287,0.35367699717754175,2.8217059680375005,-1.0353312771359113,-1.4326976937240474
-0.18843153948007085,35.23999581207873,0.5152841559156178,2.8217059680375005,-1.0353312771359113,-1.2710905349859714
-11.651930059598657,2.554256219184513,-1.1899139561361602,2.8217059680375005,-1.0353312771359113,-2.9762886470377494
-43.195569981140366,23.36454598196492,3.1651366063515867,2.8217059680375005,-1.0353312771359113,1.3787619154499975
-1.894118982019986,37.82805882407307,0.6501509990778889,2.8217059680375005,-1.0353312771359113,-1.1362236918237003
-40.73897514865622,34.26121645513956,2.6745736628130863,2.8217059680375005,-1.0353312771359113,0.8881989719114971
0.6408320727126195,33.631163494395096,0.4365691496304489,2.8217059680375005,-1.0353312771359113,-1.3498055412711403
-26.434868745483428,1.7666605964978395,4.437960639721318,2.8217059680375005,-1.0353312771359113,2.6515859488197284
-34.31729038253875,42.06521957490916,2.2315482568423746,2.8217059680375005,-1.0353312771359113,0.4451735659407854
-0.09061504504051143,12.746507149839628,-0.5065868942930769,2.8217059680375005,-1.0353312771359113,-2.292961585194666
-26.452537575710643,46.04037119672727,1.8460228309304356,2.8217059680375005,-1.0353312771359113,0.05964814002884644
-1.3220661956641848,37.04184339482315,0.6078736736857819,2.8217059680375005,-1.0353312771359113,-1.1785010172158072
5.854068685727616,-28.597690420397022,5.039821499003294,2.8217059680375005,2.7666073089217784,-0.5484917779559857
-23.598316028905444,-0.29551388182195826,2.853985773677185,2.8217059680375005,2.7666073089217784,-2.7343275032820937
-11.552361156009896,-27.527460645451395,4.262141592452793,2.8217059680375005,2.7666073089217784,-1.326171684506486
17.631553822298475,5.882130819467577,6.8682477777011535,2.8217059680375005,2.7666073089217784,1.2799345007418745
-13.94095226948086,12.552789975536498,8.423278644702282,2.8217059680375005,2.7666073089217784,2.8349653677430044
19.38471436689241,-16.360590234688004,5.855436638372062,2.8217059680375005,2.7666073089217784,0.2671233614127826
-24.510829578100576,-8.036293652699149,3.194514780163987,2.8217059680375005,2.7666073089217784,-2.393798496795292
-18.834104709163157,-21.98602221066879,3.861622836978543,2.8217059680375005,2.7666073089217784,-1.7266904399807361
-13.69737338555267,-26.345839210355226,4.155615583235232,2.8217059680375005,2.7666073089217784,-1.4326976937240474
-10.39714798584716,-28.047102224487578,4.317222741973308,2.8217059680375005,2.7666073089217784,-1.2710905349859714
-21.39261417769997,4.799040536559359,2.6120246299215295,2.8217059680375005,2.7666073089217784,-2.9762886470377494
16.284750213262196,7.712044494919049,6.967075192409276,2.8217059680375005,2.7666073089217784,1.3787619154499975
-7.462537780951601,-29.044851066137774,4.452089585135578,2.8217059680375005,2.7666073089217784,-1.1362236918237003
21.028490315207154,-2.4007798097518798,6.476512248870776,2.8217059680375005,2.7666073089217784,0.8881989719114971
-12.038925688814215,-27.2851405857088,4.238507735688138,2.8217059680375005,2.7666073089217784,-1.3498055412711403
-10.200446930350765,14.488776103790684,8.239899225779007,2.8217059680375005,2.7666073089217784,2.6515859488197284
20.74366980874793,-12.503223930253561,6.033486842900064,2.8217059680375005,2.7666073089217784,0.4451735659407854
-24.271684748244517,-10.342192456467064,3.295351691764613,2.8217059680375005,2.7666073089217784,-2.292961585194666
16.970563298929267,-20.466881029508766,5.647961416988125,2.8217059680375005,2.7666073089217784,0.05964814002884644
-8.396590440621939,-28.774805291257245,4.409812259743472,2.8217059680375005,2.7666073089217784,-1.1785010172158072
-41.99006865369647,-25.7579727153803,3.7714714891464296,2.8217059680375005,1.4982572990649148,-0.5484917779559857
-23.745088806064857,10.787572465379224,1.5856357638203216,2.8217059680375005,1.4982572990649148,-2.7343275032820937
-46.153031974264366,-8.822833861561705,2.9937915825959296,2.8217059680375005,1.4982572990649148,-1.326171684506486
-5.5672634905266385,-26.730851392778284,5.59989776784429,2.8217059680375005,1.4982572990649148,1.2799345007418745
-8.6034531588863,5.395498956890076,7.15492863484542,2.8217059680375005,1.4982572990649148,2.8349653677430044
-26.278212852352965,-35.02957348235103,4.587086628515198,2.8217059680375005,1.4982572990649148,0.2671233614127826
-31.406317943033564,9.353027049734262,1.9261647703071234,2.8217059680375005,1.4982572990649148,-2.393798496795292
-43.0320293227644,-0.22105081676772542,2.5932728271216794,2.8217059680375005,1.4982572990649148,-1.7266904399807361
-45.66394908363114,-6.423228767622989,2.887265573378368,2.8217059680375005,1.4982572990649148,-1.4326976937240474
-46.30499977501113,-10.080391266500678,3.048872732116444,2.8217059680375005,1.4982572990649148,-1.2710905349859714
-18.224790311428954,10.199431403744835,1.3436746200646659,2.8217059680375005,1.4982572990649148,-2.9762886470377494
-4.221562366737231,-24.900126807716568,5.698725182552413,2.8217059680375005,1.4982572990649148,1.3787619154499975
-46.383369130035184,-13.178987408285638,3.183739575278715,2.8217059680375005,1.4982572990649148,-1.1362236918237003
-12.4624193713871,-32.440721041651784,5.208162239013912,2.8217059680375005,1.4982572990649148,0.8881989719114971
-46.06663700196221,-8.286177579852788,2.970157725831275,2.8217059680375005,1.4982572990649148,-1.3498055412711403
-5.641206730802608,2.401418366765798,6.971549215922144,2.8217059680375005,1.4982572990649148,2.6515859488197284
-22.19115618002517,-35.17790573344908,4.765136833043201,2.8217059680375005,1.4982572990649148,0.4451735659407854
-33.53632279075708,8.437910176575702,2.027001681907749,2.8217059680375005,1.4982572990649148,-2.292961585194666
-30.91719225055183,-33.94808394765188,4.379611407131262,2.8217059680375005,1.4982572990649148,0.05964814002884644
-46.403794085257786,-12.20689589367797,3.141462249886608,2.8217059680375005,1.4982572990649148,-1.1785010172158072
11.035687707699989,35.302548186409446,0.5866224397522923,2.8217059680375005,-1.6865917503292225,-0.5484917779559857
-8.772561194275902,-0.41984587721387,-1.5992132855738157,2.8217059680375005,-1.6865917503292225,-2.7343275032820937
14.462432300306006,18.203232027464505,-0.1910574667982079,2.8217059680375005,-1.6865917503292225,-1.326171684506486
-25.310977023115793,37.849544813976436,2.4150487184501523,2.8217059680375005,-1.6865917503292225,1.2799345007418745
-23.666864237800567,5.621952169767752,3.9700795854512823,2.8217059680375005,-1.6865917503292225,2.8349653677430044
-4.260540061032389,45.2449025127933,1.4022375791210606,2.8217059680375005,-1.6865917503292225,0.2671233614127826
-1.0564645484946986,0.6820638249170692,-1.2586842790870139,2.8217059680375005,-1.6865917503292225,-2.393798496795292
10.972382964128062,9.744456422720111,-0.5915762222724581,2.8217059680375005,-1.6865917503292225,-1.7266904399807361
13.870041002704419,15.82702091914675,-0.2975834760157694,2.8217059680375005,-1.6865917503292225,-1.4326976937240474
14.668638387014536,19.45304156854867,-0.13597631727769333,2.8217059680375005,-1.6865917503292225,-1.2710905349859714
-14.262263005852786,0.40645878707730176,-1.8411744293294714,2.8217059680375005,-1.6865917503292225,-2.9762886470377494
-26.734585215688785,36.07872473984227,2.5138761331582753,2.8217059680375005,-1.6865917503292225,1.3787619154499975
14.88092674057221,22.545350327491626,-0.001109474115422282,2.8217059680375005,-1.6865917503292225,-1.1362236918237003
-18.175359589193704,43.25590679456916,2.023313189619775,2.8217059680375005,-1.6865917503292225,0.8881989719114971
14.352911564979408,17.670813710283134,-0.21469132356286225,2.8217059680375005,-1.6865917503292225,-1.3498055412711403
-26.496866995126016,8.741328209039699,3.7867001665280062,2.8217059680375005,-1.6865917503292225,2.6515859488197284
-8.337359333617076,45.56983222552685,1.5802877836490634,2.8217059680375005,-1.6865917503292225,0.4451735659407854
1.111120181339457,1.5042170842641198,-1.157847367486388,2.8217059680375005,-1.6865917503292225,-2.292961585194666
0.32733322822456756,43.963821659646335,1.1947623577371245,2.8217059680375005,-1.6865917503292225,0.05964814002884644
14.85929652665141,21.573284884522987,-0.04338679950752922,2.8217059680375005,-1.6865917503292225,-1.1785010172158072
-0.008157617872631917,42.435362320548016,0.9131298566919963,2.8217059680375005,-1.3600843333895185,-0.5484917779559857
-7.312412514341286,2.247005516532841,-1.2727058686341117,2.8217059680375005,-1.3600843333895185,-2.7343275032820937
8.721928419244858,27.338515318904385,0.13544995014149608,2.8217059680375005,-1.3600843333895185,-1.326171684506486
-35.25148280431111,33.19007927035875,2.7415561353898568,2.8217059680375005,-1.3600843333895185,1.2799345007418745
-23.357652223434982,3.19245222078521,4.296587002390987,2.8217059680375005,-1.3600843333895185,2.8349653677430044
-17.685140128862827,46.946380255609895,1.7287449960607646,2.8217059680375005,-1.3600843333895185,0.2671233614127826
-0.35739336138448685,5.765536605025641,-0.9321768621473099,2.8217059680375005,-1.3600843333895185,-2.393798496795292
8.129305954299888,18.20724335304894,-0.2650688053327541,2.8217059680375005,-1.3600843333895185,-1.7266904399807361
8.922972799507221,24.89784167461441,0.028923940923934577,2.8217059680375005,-1.3600843333895185,-1.4326976937240474
8.516380219740856,28.588433226953274,0.19053109966201065,2.8217059680375005,-1.3600843333895185,-1.2710905349859714
-12.777110567026028,1.268905025149941,-1.5146670123897674,2.8217059680375005,-1.3600843333895185,-2.9762886470377494
-36.03191199283789,31.056210881115184,2.8403835500979797,2.8217059680375005,-1.3600843333895185,1.3787619154499975
7.725635413029753,31.58545882850408,0.3253979428242817,2.8217059680375005,-1.3600843333895185,-1.1362236918237003
-30.226871967807075,40.59947006651585,2.3498206065594793,2.8217059680375005,-1.3600843333895185,0.8881989719114971
8.788960063616205,26.799098212585353,0.11181609337684173,2.8217059680375005,-1.3600843333895185,-1.3498055412711403
-27.03864026219452,5.239339989902696,4.113207583467711,2.8217059680375005,-1.3600843333895185,2.6515859488197284
-21.650791141542303,45.94655689862663,1.9067952005887674,2.8217059680375005,-1.3600843333895185,0.4451735659407854
1.4319793121021593,7.2394785910768,-0.8313399505466841,2.8217059680375005,-1.3600843333895185,-2.292961585194666
-12.928761963774196,47.20448143973218,1.5212697746768284,2.8217059680375005,-1.3600843333895185,0.05964814002884644
8.01692524298564,30.65781162911611,0.28312061743217476,2.8217059680375005,-1.3600843333895185,-1.1785010172158072
-56.49323946144711,8.032360277442464,2.8276601606271017,2.8217059680375005,0.5544459705455869,-0.5484917779559857
-16.19421616905834,14.699059901613818,0.6418244353009936,2.8217059680375005,0.5544459705455869,-2.7343275032820937
-45.221597287505915,21.339473950555067,2.0499802540766012,2.8217059680375005,0.5544459705455869,-1.326171684506486
-35.911602777309305,-22.033624826613572,4.656086439324962,2.8217059680375005,0.5544459705455869,1.2799345007418745
-11.677031204585553,-0.7261994735020574,6.211117306326091,2.8217059680375005,0.5544459705455869,2.8349653677430044
-54.783144563102496,-10.13080489118822,3.64327529999587,2.8217059680375005,0.5544459705455869,0.2671233614127826
-21.85079937740714,20.06146783515567,0.9823534417877955,2.8217059680375005,0.5544459705455869,-2.393798496795292
-36.42476186450728,23.858802361273163,1.6494614986023513,2.8217059680375005,0.5544459705455869,-1.7266904399807361
-42.99144902173185,22.351276991384506,1.94345424485904,2.8217059680375005,0.5544459705455869,-1.4326976937240474
-46.32912780890762,20.724721168256107,2.105061403597116,2.8217059680375005,0.5544459705455869,-1.2710905349859714
-13.431701279026093,9.88365577936094,0.39986329154533795,2.8217059680375005,0.5544459705455869,-2.9762886470377494
-33.63955105370216,-22.049276860703422,4.754913854033084,2.8217059680375005,0.5544459705455869,1.3787619154499975
-48.8843510528128,18.970220105418495,2.239928246759387,2.8217059680375005,0.5544459705455869,-1.1362236918237003
-44.58088431725229,-19.799940961404545,4.264350910494585,2.8217059680375005,0.5544459705455869,0.8881989719114971
-44.73632453574308,21.58437068865758,2.026346397311947,2.8217059680375005,0.5544459705455869,-1.3498055412711403
-12.363670586260188,-4.88167162963388,6.027737887402816,2.8217059680375005,0.5544459705455869,2.6515859488197284
-52.50536385589267,-13.527531219492829,3.8213255045238728,2.8217059680375005,0.5544459705455869,0.4451735659407854
-23.841547485516486,21.249441535590258,1.0831903533884213,2.8217059680375005,0.5544459705455869,-2.292961585194666
-56.629070711937544,-5.7396426163885,3.435800078611934,2.8217059680375005,0.5544459705455869,0.05964814002884644
-48.10913468304226,19.557092043415082,2.19765092136728,2.8217059680375005,0.5544459705455869,-1.1785010172158072
-37.17082522625375,39.8914011456005,1.870241999285371,2.8217059680375005,-0.4029721907961439,-0.5484917779559857
-8.52195951011894,10.776136156624432,-0.3155937260407371,2.8217059680375005,-0.4029721907961439,-2.7343275032820937
-19.801160296732103,38.3345029977899,1.0925620927348707,2.8217059680375005,-0.4029721907961439,-1.326171684506486
-49.90855371046567,5.754654054852926,3.698668277983231,2.8217059680375005,-0.4029721907961439,1.2799345007418745
-18.53507794932273,-1.7968923534576007,5.2536991449843615,2.8217059680375005,-0.4029721907961439,2.8349653677430044
-51.03860535576173,28.03772375063454,2.685857138654139,2.8217059680375005,-0.4029721907961439,0.2671233614127826
-7.393191574472951,18.488349547483356,0.024935280446064745,2.8217059680375005,-0.4029721907961439,-2.393798496795292
-12.677335459498515,32.591468191279596,0.6920433372606205,2.8217059680375005,-0.4029721907961439,-1.7266904399807361
-17.690053607698026,37.093320002304395,0.9860360835173092,2.8217059680375005,-0.4029721907961439,-1.4326976937240474
-20.941379847764907,38.886267634771286,1.1476432422553853,2.8217059680375005,-0.4029721907961439,-1.2710905349859714
-10.869359493076335,5.7452993774920085,-0.5575548697963928,2.8217059680375005,-0.4029721907961439,-2.9762886470377494
-48.61348434520613,3.8877691199724342,3.797495692691354,2.8217059680375005,-0.4029721907961439,1.3787619154499975
-23.846920642901736,39.96574551480738,1.2825100854176563,2.8217059680375005,-0.4029721907961439,-1.1362236918237003
-53.072377657189335,14.129378173451055,3.3069327491528537,2.8217059680375005,-0.4029721907961439,0.8881989719114971
-19.321567194564434,38.07866220297814,1.0689282359702164,2.8217059680375005,-0.4029721907961439,-1.3498055412711403
-22.328293556314957,-3.6274490555906773,5.070319726061085,2.8217059680375005,-0.4029721907961439,2.6515859488197284
-52.50497004705559,24.21989592690261,2.863907343182142,2.8217059680375005,-0.4029721907961439,0.4451735659407854
-7.567716343019779,20.800037382816853,0.12577219204669055,2.8217059680375005,-0.4029721907961439,-2.292961585194666
-48.51049255752996,32.07485084177175,2.478381917270203,2.8217059680375005,-0.4029721907961439,0.05964814002884644
-22.92079050703125,39.66966771590886,1.2402327600255494,2.8217059680375005,-0.4029721907961439,-1.1785010172158072
-40.00077362656293,-27.309118714733376,3.833851995208802,2.8217059680375005,1.5606378051272873,-0.5484917779559857
-24.06953222652848,10.302737257197176,1.6480162698826941,2.8217059680375005,1.5606378051272873,-2.7343275032820937
-45.21137736399673,-10.666438633149433,3.056172088658302,2.8217059680375005,1.5606378051272873,-1.326171684506486
-3.588162706333037,-26.009505369495464,5.662278273906662,2.8217059680375005,1.5606378051272873,1.2799345007418745
-8.621205390453062,5.865081934997068,7.217309140907792,2.8217059680375005,1.5606378051272873,2.8349653677430044
-23.741485783758023,-35.58320793041865,4.64946713457757,2.8217059680375005,1.5606378051272873,0.2671233614127826
-31.626430378002127,8.393380620279803,1.988545276369496,2.8217059680375005,1.5606378051272873,-2.393798496795292
-42.632680808716984,-1.8868228570369432,2.655653333184052,2.8217059680375005,1.5606378051272873,-1.7266904399807361
-44.87283727346534,-8.241011394935558,2.9496460794407406,2.8217059680375005,1.5606378051272873,-1.4326976937240474
-45.28465338235384,-11.931023728868334,3.1112532381788167,2.8217059680375005,1.5606378051272873,-1.2710905349859714
-18.52330614699739,10.059875870828215,1.4060551261270384,2.8217059680375005,1.5606378051272873,-2.9762886470377494
-2.359206490086411,-24.098450519558853,5.761105688614785,2.8217059680375005,1.5606378051272873,1.3787619154499975
-45.1697036470174,-15.028478549206739,3.2461200813410875,2.8217059680375005,1.5606378051272873,-1.1362236918237003
-10.11395368398874,-32.13811354300752,5.270542745076285,2.8217059680375005,1.5606378051272873,0.8881989719114971
-45.15860561582703,-10.125440298094839,3.0325382318936476,2.8217059680375005,1.5606378051272873,-1.3498055412711403
-5.478069475214404,3.061491540665111,7.033929721984516,2.8217059680375005,1.5606378051272873,2.6515859488197284
-19.653131530231363,-35.47646432543178,4.827517339105573,2.8217059680375005,1.5606378051272873,0.4451735659407854
-33.695243858362886,7.347259056434186,2.0893821879701218,2.8217059680375005,1.5606378051272873,-2.292961585194666
-28.438862333321854,-34.79301616749973,4.441991913193634,2.8217059680375005,1.5606378051272873,0.05964814002884644
-45.25068911523582,-14.059551077460004,3.2038427559489806,2.8217059680375005,1.5606378051272873,-1.1785010172158072
22.135184012632305,18.42204007567822,0.0817661671787362,2.8217059680375005,-2.1914480229027786,-0.5484917779559857
-12.48013348275624,-3.2628845700950997,-2.104069558147372,2.8217059680375005,-2.1914480229027786,-2.7343275032820937
16.863796230662892,1.7985126985354896,-0.695913739371764,2.8217059680375005,-2.1914480229027786,-1.326171684506486
-8.445080749707763,38.231498320172136,1.9101924458765964,2.8217059680375005,-2.1914480229027786,1.2799345007418745
-22.59397604157295,9.229263983629629,3.4652233128777263,2.8217059680375005,-2.1914480229027786,2.8349653677430044
13.556186741181161,34.52253073033645,0.8973813065475045,2.8217059680375005,-2.1914480229027786,0.2671233614127826
-5.193692674841803,-6.030579060360495,-1.76354055166057,2.8217059680375005,-2.1914480229027786,-2.393798496795292
9.717796952311318,-3.916907094810732,-1.0964324948460142,2.8217059680375005,-2.1914480229027786,-1.7266904399807361
15.195979594072826,0.005276978536532084,-0.8024397485893255,2.8217059680375005,-2.1914480229027786,-1.4326976937240474
17.648786810644047,2.7926629027408225,-0.6408325898512495,2.8217059680375005,-2.1914480229027786,-1.2710905349859714
-16.88529366252975,0.11560165435479774,-2.3460307019030275,2.8217059680375005,-2.1914480229027786,-2.9762886470377494
-10.547598454249897,37.37017182980722,2.0090198605847194,2.8217059680375005,-2.1914480229027786,1.3787619154499975
19.33028391772103,5.396507614812435,-0.5059657466889784,2.8217059680375005,-2.1914480229027786,-1.1362236918237003
0.415283684888448,39.51201700985767,1.518456917046219,2.8217059680375005,-2.1914480229027786,0.8881989719114971
16.51041789451699,1.3854899298174956,-0.7195475961364184,2.8217059680375005,-2.1914480229027786,-1.3498055412711403
-23.56213403420276,13.328299550950382,3.2818438939544503,2.8217059680375005,-2.1914480229027786,2.6515859488197284
10.145137665674483,36.77880617983726,1.0754315110755073,2.8217059680375005,-2.1914480229027786,0.4451735659407854
-2.8988666976861106,-6.359415307505799,-1.6627036400599442,2.8217059680375005,-2.1914480229027786,-2.292961585194666
16.952060019316654,31.182202281003583,0.6899060851635683,2.8217059680375005,-2.1914480229027786,0.05964814002884644
18.841181986579276,4.556175304043961,-0.5482430720810854,2.8217059680375005,-2.1914480229027786,-1.1785010172158072
